Date,Year,Month,Day,Weekday,Week_Number,Year_Week,Open,High,Low,Close,Volume,Adj Close,Return,Short_MA,Long_MA,Label
9/23/20,2020,9,23,Wednesday,38,2020-38,41.64,41.84,40.96,41.08,187200,41.08,0,41.08,41.08,green
9/24/20,2020,9,24,Thursday,38,2020-38,40.39,40.93,39.94,40.37,88200,40.37,-0.017283419,40.725,40.725,green
9/25/20,2020,9,25,Friday,38,2020-38,40.88,41.88,40.69,41.77,373200,41.77,0.034679256,41.07333333,41.07333333,green
9/28/20,2020,9,28,Monday,39,2020-39,42.07,42.33,41.78,42.07,150200,42.07,0.00718217,41.3225,41.3225,green
9/29/20,2020,9,29,Tuesday,39,2020-39,42.09,42.22,41.69,41.72,92800,41.72,-0.008319431,41.402,41.402,green
9/30/20,2020,9,30,Wednesday,39,2020-39,41.72,42.23,41.69,41.86,127900,41.86,0.00335569,41.47833333,41.47833333,green
10/1/20,2020,10,1,Thursday,39,2020-39,41.95,42.52,41.95,42.22,66400,42.22,0.00860011,41.58428571,41.58428571,green
10/2/20,2020,10,2,Friday,39,2020-39,41.51,42.36,41.26,42.17,110300,42.17,-0.001184345,41.6575,41.6575,green
10/5/20,2020,10,5,Monday,40,2020-40,43.73,44.47,43.73,44.23,160900,44.23,0.048849928,41.94333333,41.94333333,green
10/6/20,2020,10,6,Tuesday,40,2020-40,43.65,43.82,42.42,42.75,189600,42.75,-0.033461442,42.024,42.024,green
10/7/20,2020,10,7,Wednesday,40,2020-40,44.04,44.58,43.93,44.39,115800,44.39,0.038362559,42.23909091,42.23909091,green
10/8/20,2020,10,8,Thursday,40,2020-40,44.91,44.96,44.32,44.65,152100,44.65,0.005857223,42.44,42.44,green
10/9/20,2020,10,9,Friday,40,2020-40,44.96,44.96,44.46,44.8,85300,44.8,0.003359411,42.62153846,42.62153846,green
10/12/20,2020,10,12,Monday,41,2020-41,44.95,44.99,44.44,44.74,158700,44.74,-0.001339231,42.77285714,42.77285714,green
10/13/20,2020,10,13,Tuesday,41,2020-41,44.37,44.41,43.89,44.04,141000,44.04,-0.015645971,42.98428571,42.85733333,green
10/14/20,2020,10,14,Wednesday,41,2020-41,43.41,43.78,43.35,43.62,227400,43.62,-0.00953683,43.21642857,42.905,green
10/15/20,2020,10,15,Thursday,41,2020-41,44.24,44.53,43.94,44.45,195900,44.45,0.019028011,43.40785714,42.99588235,green
10/16/20,2020,10,16,Friday,41,2020-41,44.12,44.58,44.12,44.34,235200,44.34,-0.002474704,43.57,43.07055556,green
10/19/20,2020,10,19,Monday,42,2020-42,45.49,45.75,44.97,44.97,180300,44.97,0.014208414,43.80214286,43.17052632,green
10/20/20,2020,10,20,Tuesday,42,2020-42,45.12,45.29,44.86,44.93,203400,44.93,-0.000889502,44.02142857,43.2585,green
10/21/20,2020,10,21,Wednesday,42,2020-42,45.21,45.82,45.21,45.45,140600,45.45,0.011573569,44.25214286,43.36285714,green
10/22/20,2020,10,22,Thursday,42,2020-42,46.03,46.22,45.51,46.08,123300,46.08,0.013861409,44.53142857,43.48636364,green
10/23/20,2020,10,23,Friday,42,2020-42,48.77,49.13,48.01,48.69,246100,48.69,0.056640553,44.85,43.7126087,green
10/26/20,2020,10,26,Monday,43,2020-43,48.33,48.5,47.56,47.95,173100,47.95,-0.015198149,45.22142857,43.88916667,green
10/27/20,2020,10,27,Tuesday,43,2020-43,48.52,48.6,48.06,48.55,167300,48.55,0.012513002,45.51857143,44.0756,green
10/28/20,2020,10,28,Wednesday,43,2020-43,47.3,47.3,46.62,46.75,164400,46.75,-0.037075165,45.66857143,44.17846154,green
10/29/20,2020,10,29,Thursday,43,2020-43,46.67,47.23,46.22,47.13,134400,47.13,0.008128365,45.835,44.28777778,green
10/30/20,2020,10,30,Friday,43,2020-43,46.38,46.86,45.99,46.31,215700,46.31,-0.017398678,45.94714286,44.36,green
11/2/20,2020,11,2,Monday,44,2020-44,47.87,47.95,47.44,47.86,111800,47.86,0.033470075,46.22,44.48068966,green
11/3/20,2020,11,3,Tuesday,44,2020-44,48.8,49,48.67,48.91,100200,48.91,0.021938972,46.59785714,44.62833333,green
11/4/20,2020,11,4,Wednesday,44,2020-44,48.38,48.93,47.92,48.42,124900,48.42,-0.010018435,46.88142857,44.75064516,green
11/5/20,2020,11,5,Thursday,44,2020-44,50.12,50.93,50.05,50.63,191000,50.63,0.045642358,47.33071429,44.934375,green
11/6/20,2020,11,6,Friday,44,2020-44,51.04,51.17,50.77,51.14,104600,51.14,0.010073046,47.77142857,45.12242424,green
11/9/20,2020,11,9,Monday,45,2020-45,53.49,53.8,52.5,52.66,172900,52.66,0.02972234,48.32357143,45.34411765,green
11/10/20,2020,11,10,Tuesday,45,2020-45,53.09,53.45,52.88,53.18,123200,53.18,0.009874676,48.87571429,45.568,green
11/11/20,2020,11,11,Wednesday,45,2020-45,53.57,53.57,53.08,53.47,119600,53.47,0.005453195,49.40357143,45.7875,green
11/12/20,2020,11,12,Thursday,45,2020-45,53.2,53.2,52.3,52.6,80300,52.6,-0.016270857,49.68285714,45.97162162,green
11/13/20,2020,11,13,Friday,45,2020-45,53.15,53.51,52.99,53.5,108500,53.5,0.017110296,50.07928571,46.16973684,green
11/16/20,2020,11,16,Monday,46,2020-46,54.35,54.74,54.03,54.55,67500,54.55,0.019626154,50.50785714,46.38461538,green
11/17/20,2020,11,17,Tuesday,46,2020-46,53.91,54.25,53.66,53.99,58400,53.99,-0.010265767,51.025,46.57475,green
11/18/20,2020,11,18,Wednesday,46,2020-46,54,54.73,53.99,54.1,145600,54.1,0.002037355,51.52285714,46.75829268,green
11/19/20,2020,11,19,Thursday,46,2020-46,52.95,53.61,52.55,53.49,105400,53.49,-0.011275357,52.03571429,46.91857143,green
11/20/20,2020,11,20,Friday,46,2020-46,53.58,53.84,53.41,53.53,160300,53.53,0.000747749,52.44071429,47.07232558,green
11/23/20,2020,11,23,Monday,47,2020-47,54.63,55.05,54.57,54.97,129700,54.97,0.02690085,52.87357143,47.25181818,green
11/24/20,2020,11,24,Tuesday,47,2020-47,55.54,56.47,55.1,56.27,173100,56.27,0.023649249,53.43428571,47.45222222,green
11/25/20,2020,11,25,Wednesday,47,2020-47,55.55,55.95,55.3,55.58,148400,55.58,-0.012262282,53.78785714,47.62891304,green
11/27/20,2020,11,27,Friday,47,2020-47,54.64,54.86,54.51,54.71,88600,54.71,-0.015653162,54.04285714,47.77957447,green
11/30/20,2020,11,30,Monday,48,2020-48,53.77,53.88,53.17,53.34,212900,53.34,-0.025041107,54.09142857,47.89541667,green
12/1/20,2020,12,1,Tuesday,48,2020-48,55.68,56.25,55.47,56.1,131100,56.1,0.0517435,54.3,48.06285714,green
12/2/20,2020,12,2,Wednesday,48,2020-48,57.3,57.37,56.85,56.98,105000,56.98,0.015686294,54.55071429,48.2412,green
12/3/20,2020,12,3,Thursday,48,2020-48,57.79,57.98,57.16,57.17,176100,57.17,0.003334479,54.87714286,48.563,green
12/4/20,2020,12,4,Friday,48,2020-48,60.94,61.25,60.43,61.12,246900,61.12,0.069092197,55.42142857,48.978,green
12/7/20,2020,12,7,Monday,49,2020-49,61.83,62.08,61.53,61.78,159800,61.78,0.010798427,55.93785714,49.3782,green
12/8/20,2020,12,8,Tuesday,49,2020-49,60.89,61.26,60.5,61.19,92200,61.19,-0.009550019,56.45214286,49.7606,green
12/9/20,2020,12,9,Wednesday,49,2020-49,62.64,62.84,61.45,61.83,124000,61.83,0.010459278,57.00428571,50.1628,green
12/10/20,2020,12,10,Thursday,49,2020-49,62.16,63.5,61.92,63.44,202900,63.44,0.026039087,57.715,50.5944,green
12/11/20,2020,12,11,Friday,49,2020-49,64,64.87,63.73,64.32,218000,64.32,0.013871392,58.48571429,51.0364,green
12/14/20,2020,12,14,Monday,50,2020-50,63.54,63.74,62.57,62.65,112400,62.65,-0.025963902,59.03428571,51.446,green
12/15/20,2020,12,15,Tuesday,50,2020-50,62.11,63.2,62.06,62.89,162600,62.89,0.003830772,59.50714286,51.8192,green
12/16/20,2020,12,16,Wednesday,50,2020-50,62.38,62.58,62.09,62.44,130100,62.44,-0.007155363,59.99714286,52.213,green
12/17/20,2020,12,17,Thursday,50,2020-50,61.81,61.96,61.39,61.67,142100,61.67,-0.012331846,60.49428571,52.5586,green
12/18/20,2020,12,18,Friday,50,2020-50,61.67,61.67,61.12,61.27,113200,61.27,-0.006486099,61.06071429,52.891,red
12/21/20,2020,12,21,Monday,51,2020-51,61.43,62.16,61.17,62.16,93200,62.16,0.014525859,61.49357143,53.2382,red
12/22/20,2020,12,22,Tuesday,51,2020-51,60.99,60.99,60.19,60.31,118900,60.31,-0.02976188,61.73142857,53.5496,red
12/23/20,2020,12,23,Wednesday,51,2020-51,60.82,61.08,60.61,60.87,69300,60.87,0.009285318,61.99571429,53.8862,red
12/24/20,2020,12,24,Thursday,51,2020-51,61.42,61.48,61.16,61.3,23800,61.3,0.00706424,62.00857143,54.2398,red
12/28/20,2020,12,28,Monday,52,2020-52,62.59,62.59,61.56,61.57,107400,61.57,0.004404575,61.99357143,54.5822,red
12/29/20,2020,12,29,Tuesday,52,2020-52,61.77,62.12,61.47,61.57,101600,61.57,0,62.02071429,54.9268,red
12/30/20,2020,12,30,Wednesday,52,2020-52,62.61,62.8,62.18,62.34,93100,62.34,0.012506098,62.05714286,55.2742,red
12/31/20,2020,12,31,Thursday,52,2020-52,62.36,62.36,61.92,62.31,57100,62.31,-0.000481212,61.97642857,55.6218,red
1/4/21,2021,1,4,Monday,1,2021-01,63.39,63.69,62.14,62.39,104900,62.39,0.001283871,61.83857143,55.9606,red
1/5/21,2021,1,5,Tuesday,1,2021-01,65,65.81,64.82,65.49,101800,65.49,0.049687426,62.04142857,56.3488,red
1/6/21,2021,1,6,Wednesday,1,2021-01,64.99,66.38,64.95,65.89,178100,65.89,0.006107826,62.25571429,56.6928,red
1/7/21,2021,1,7,Thursday,1,2021-01,66.87,67,66.57,66.7,77700,66.7,0.012293179,62.56,57.0678,red
1/8/21,2021,1,8,Friday,1,2021-01,67,67.39,66.5,67.23,67300,67.23,0.007946123,62.95714286,57.4414,green
1/11/21,2021,1,11,Monday,2,2021-02,64.3,65.95,63.73,65.62,229400,65.62,-0.02394765,63.26785714,57.8188,green
1/12/21,2021,1,12,Tuesday,2,2021-02,63.43,64.05,63.06,63.77,185100,63.77,-0.028192658,63.38285714,58.1516,green
1/13/21,2021,1,13,Wednesday,2,2021-02,64.53,64.53,63.83,63.9,101300,63.9,0.002038593,63.63928571,58.5034,green
1/14/21,2021,1,14,Thursday,2,2021-02,64.53,65.35,64.35,64.86,114600,64.86,0.015023459,63.92428571,58.8434,green
1/15/21,2021,1,15,Friday,2,2021-02,62.68,62.68,61.51,61.6,172900,61.6,-0.050262135,63.94571429,59.0972,green
1/19/21,2021,1,19,Tuesday,3,2021-03,62.15,62.15,61.42,61.67,63800,61.67,0.001136359,63.95285714,59.3622,green
1/20/21,2021,1,20,Wednesday,3,2021-03,62,62.68,61.64,62.34,139400,62.34,0.01086431,64.00785714,59.5964,green
1/21/21,2021,1,21,Thursday,3,2021-03,61.87,61.91,61.08,61.5,159400,61.5,-0.013474497,63.94785714,59.8036,green
1/22/21,2021,1,22,Friday,3,2021-03,59.26,60.37,59.07,59.98,317000,59.98,-0.024715455,63.78142857,59.95,red
1/25/21,2021,1,25,Monday,4,2021-04,60.32,60.32,59.4,59.75,239100,59.75,-0.003834604,63.59285714,60.0814,red
1/26/21,2021,1,26,Tuesday,4,2021-04,58.7,59.05,58.03,58.75,295300,58.75,-0.016736402,63.11142857,60.187,red
1/27/21,2021,1,27,Wednesday,4,2021-04,58,58.7,57.15,57.72,130500,57.72,-0.017531894,62.52785714,60.2894,red
1/28/21,2021,1,28,Thursday,4,2021-04,56.75,56.95,54.4,55.82,244400,55.82,-0.032917559,61.75071429,60.3358,red
1/29/21,2021,1,29,Friday,4,2021-04,55.53,55.97,54.56,54.79,194200,54.79,-0.018452146,60.86214286,60.3406,green
2/1/21,2021,2,1,Monday,5,2021-05,56.22,56.81,55.91,56.66,119300,56.66,0.034130296,60.22214286,60.394,green
2/2/21,2021,2,2,Tuesday,5,2021-05,58.8,59.46,58,59.16,319900,59.16,0.044122838,59.89285714,60.4952,green
2/3/21,2021,2,3,Wednesday,5,2021-05,59.39,59.39,58.62,58.84,106500,58.84,-0.005409055,59.53142857,60.6022,green
2/4/21,2021,2,4,Thursday,5,2021-05,59.03,59.75,58.62,59.75,121300,59.75,0.015465667,59.16642857,60.7266,green
2/5/21,2021,2,5,Friday,5,2021-05,59.09,59.65,58.67,59.47,149800,59.47,-0.004686172,59.01428571,60.8166,green
2/8/21,2021,2,8,Monday,6,2021-06,59.99,60.68,59.93,60.53,96300,60.53,0.017824072,58.93285714,60.9018,green
2/9/21,2021,2,9,Tuesday,6,2021-06,60.59,61.35,60.51,61.14,130700,61.14,0.010077658,58.84714286,61.013,green
2/10/21,2021,2,10,Wednesday,6,2021-06,61.7,61.77,60.5,61.08,113300,61.08,-0.000981314,58.81714286,61.1404,green
2/11/21,2021,2,11,Thursday,6,2021-06,61.75,61.75,61,61.23,55400,61.23,0.002455758,58.90642857,61.2982,green
2/12/21,2021,2,12,Friday,6,2021-06,61.25,62.03,61.03,61.99,61900,61.99,0.012412251,59.06642857,61.416,green
2/16/21,2021,2,16,Tuesday,7,2021-07,61.64,62.14,61.24,61.84,167000,61.84,-0.00241977,59.28714286,61.5132,green
2/17/21,2021,2,17,Wednesday,7,2021-07,61.13,61.41,60.54,61.27,119800,61.27,-0.00921733,59.54071429,61.5952,green
2/18/21,2021,2,18,Thursday,7,2021-07,60.02,60.09,59.34,59.79,103600,59.79,-0.02415537,59.82428571,61.5686,green
2/19/21,2021,2,19,Friday,7,2021-07,60.11,60.66,60.02,60.29,129400,60.29,0.008362602,60.21714286,61.5388,green
2/22/21,2021,2,22,Monday,8,2021-08,59.99,61.47,59.99,60.88,159400,60.88,0.009786037,60.51857143,61.5326,green
2/23/21,2021,2,23,Tuesday,8,2021-08,61.94,62.57,61.23,62.1,164600,62.1,0.020039379,60.72857143,61.538,green
2/24/21,2021,2,24,Wednesday,8,2021-08,61.61,62.71,61.25,62.5,104900,62.5,0.006441249,60.99,61.5192,green
2/25/21,2021,2,25,Thursday,8,2021-08,63.22,63.73,61.35,61.78,131800,61.78,-0.01152002,61.135,61.4684,green
2/26/21,2021,2,26,Friday,8,2021-08,62.48,62.79,60.99,61.1,194200,61.1,-0.011006803,61.25142857,61.4374,green
3/1/21,2021,3,1,Monday,9,2021-09,62.05,63.94,61.6,63.68,123300,63.68,0.04222589,61.47642857,61.4532,green
3/2/21,2021,3,2,Tuesday,9,2021-09,63.52,64.33,63.28,63.76,128300,63.76,0.00125625,61.66357143,61.4796,green
3/3/21,2021,3,3,Wednesday,9,2021-09,65.15,68.7,65.15,68.16,431400,68.16,0.069008869,62.16928571,61.6094,green
3/4/21,2021,3,4,Thursday,9,2021-09,68.38,69.31,66.16,66.84,265900,66.84,-0.019366304,62.57,61.7208,green
3/5/21,2021,3,5,Friday,9,2021-09,69.7,69.84,68.18,69.37,341100,69.37,0.037851684,63.09714286,61.865,green
3/8/21,2021,3,8,Monday,10,2021-10,69.92,70.58,69.4,70.25,269000,70.25,0.012685559,63.69785714,62.0638,green
3/9/21,2021,3,9,Tuesday,10,2021-10,69.66,70.51,68.09,69.81,616100,69.81,-0.00626338,64.30785714,62.2426,green
3/10/21,2021,3,10,Wednesday,10,2021-10,65.15,65.16,63.01,63.53,608900,63.53,-0.089958444,64.575,62.2872,green
3/11/21,2021,3,11,Thursday,10,2021-10,66.75,67.46,66.34,67.18,382600,67.18,0.057453197,65.06714286,62.3994,green
3/12/21,2021,3,12,Friday,10,2021-10,66.34,67,66.03,66.98,275800,66.98,-0.002977031,65.50285714,62.5076,green
3/15/21,2021,3,15,Monday,11,2021-11,67.42,67.9,66.31,67.28,200400,67.28,0.00447888,65.87285714,62.6064,green
3/16/21,2021,3,16,Tuesday,11,2021-11,67.32,67.55,66.68,66.93,118800,66.93,-0.005202118,66.18928571,62.6988,green
3/17/21,2021,3,17,Wednesday,11,2021-11,65.36,66.93,65.08,66.76,168700,66.76,-0.00253994,66.545,62.7862,green
3/18/21,2021,3,18,Thursday,11,2021-11,65.85,65.9,64.84,64.99,216300,64.99,-0.026512945,66.82285714,62.7762,green
3/19/21,2021,3,19,Friday,11,2021-11,64.18,65.08,63.15,64.8,231000,64.8,-0.002923447,66.90285714,62.7544,red
3/22/21,2021,3,22,Monday,12,2021-12,66.72,67.75,66.57,67.19,229200,67.19,0.036882705,67.14785714,62.7642,red
3/23/21,2021,3,23,Tuesday,12,2021-12,68.62,69.11,66.9,67.43,443500,67.43,0.003571928,67.09571429,62.7682,red
3/24/21,2021,3,24,Wednesday,12,2021-12,67.53,68.01,67.27,67.49,160600,67.49,0.000889775,67.14214286,62.8056,red
3/25/21,2021,3,25,Thursday,12,2021-12,67.51,68.06,66.64,67.86,155600,67.86,0.005482335,67.03428571,62.8874,red
3/26/21,2021,3,26,Friday,12,2021-12,69.82,71.79,69.81,71.78,156900,71.78,0.057765961,67.14357143,63.045,green
3/29/21,2021,3,29,Monday,13,2021-13,71.86,72.68,71.3,71.92,168000,71.92,0.001950396,67.29428571,63.1862,green
3/30/21,2021,3,30,Tuesday,13,2021-13,70.9,71.84,70.46,71.37,239900,71.37,-0.007647323,67.85428571,63.3816,green
3/31/21,2021,3,31,Wednesday,13,2021-13,71.69,72.45,71.11,72.2,155100,72.2,0.011629455,68.21285714,63.5922,green
4/1/21,2021,4,1,Thursday,13,2021-13,71.91,71.91,71.11,71.58,218100,71.58,-0.00858719,68.54142857,63.777,green
4/5/21,2021,4,5,Monday,14,2021-14,73.61,75.56,73.57,74.91,290500,74.91,0.046521399,69.08642857,64.0452,green
4/6/21,2021,4,6,Tuesday,14,2021-14,73.87,74.39,73.37,73.5,130300,73.5,-0.018822635,69.55571429,64.3156,green
4/7/21,2021,4,7,Wednesday,14,2021-14,73.95,74.64,73.6,73.98,192600,73.98,0.006530658,70.07142857,64.6002,green
4/8/21,2021,4,8,Thursday,14,2021-14,74.18,74.18,73.35,73.65,91900,73.65,-0.00446069,70.69,64.8982,green
4/9/21,2021,4,9,Friday,14,2021-14,73.32,73.33,72.67,73.25,75300,73.25,-0.005431114,71.29357143,65.2088,green
4/12/21,2021,4,12,Monday,15,2021-15,73.25,73.43,72.63,72.97,58300,72.97,-0.003822509,71.70642857,65.5518,green
4/13/21,2021,4,13,Tuesday,15,2021-15,72.67,73.24,72.51,72.77,105500,72.77,-0.002740915,72.08785714,65.9114,green
4/14/21,2021,4,14,Wednesday,15,2021-15,75.54,76.27,75.42,75.53,195900,75.53,0.037927749,72.66214286,66.2888,green
4/15/21,2021,4,15,Thursday,15,2021-15,76.89,77.2,76.48,76.83,197000,76.83,0.017211745,73.30285714,66.6422,green
4/16/21,2021,4,16,Friday,15,2021-15,77.2,77.54,76.46,77.06,105200,77.06,0.002993567,73.68,67.0066,green
4/19/21,2021,4,19,Monday,16,2021-16,78.59,79.48,78.36,78.56,150300,78.56,0.019465352,74.15428571,67.3828,green
4/20/21,2021,4,20,Tuesday,16,2021-16,78.79,78.99,77.72,77.82,135700,77.82,-0.009419525,74.615,67.7498,green
4/21/21,2021,4,21,Wednesday,16,2021-16,77.46,78.88,77.25,78.81,81500,78.81,0.012721638,75.08714286,68.1154,green
4/22/21,2021,4,22,Thursday,16,2021-16,78.81,78.81,77.54,77.87,106400,77.87,-0.011927355,75.53642857,68.45,green
4/23/21,2021,4,23,Friday,16,2021-16,79.28,80.18,79.16,79.87,114600,79.87,0.025683831,75.89071429,68.8258,green
4/26/21,2021,4,26,Monday,17,2021-17,80.92,81.51,80.85,81.1,153500,81.1,0.015399971,76.43357143,69.2232,green
4/27/21,2021,4,27,Tuesday,17,2021-17,84.17,84.81,83.7,84.13,183200,84.13,0.037361268,77.15857143,69.666,green
4/28/21,2021,4,28,Wednesday,17,2021-17,83.85,84.7,83.3,84.18,121000,84.18,0.000594355,77.91071429,70.1128,green
4/29/21,2021,4,29,Thursday,17,2021-17,85,85,82.61,83.89,111600,83.89,-0.00344501,78.67071429,70.5652,green
4/30/21,2021,4,30,Friday,17,2021-17,82.4,82.48,81.31,81.41,131700,81.41,-0.029562472,79.27357143,70.9976,green
5/3/21,2021,5,3,Monday,18,2021-18,82.39,83.44,82.01,83.02,122600,83.02,0.019776353,80.00571429,71.4522,green
5/4/21,2021,5,4,Tuesday,18,2021-18,83.62,84.39,83.08,84.32,129400,84.32,0.015658915,80.63357143,71.921,green
5/5/21,2021,5,5,Wednesday,18,2021-18,84.82,86.11,84.59,85.6,181300,85.6,0.015180251,81.26,72.391,green
5/6/21,2021,5,6,Thursday,18,2021-18,87.26,88.49,87.25,88.4,158400,88.4,0.032710317,82.07,72.909,green
5/7/21,2021,5,7,Friday,18,2021-18,89.29,89.91,88.51,89.91,215400,89.91,0.017081472,82.88071429,73.4716,red
5/10/21,2021,5,10,Monday,19,2021-19,91.75,92.19,90.48,90.79,207800,90.79,0.009787534,83.80714286,74.0654,red
5/11/21,2021,5,11,Tuesday,19,2021-19,90.5,92.05,89.94,91.78,146800,91.78,0.010904261,84.73357143,74.6274,red
5/12/21,2021,5,12,Wednesday,19,2021-19,89.52,89.52,85.32,85.63,334900,85.63,-0.06700808,85.28785714,75.0648,red
5/13/21,2021,5,13,Thursday,19,2021-19,85.46,86.5,84.88,86.11,233000,86.11,0.005605551,85.73357143,75.4238,red
5/14/21,2021,5,14,Friday,19,2021-19,85.32,85.97,84.92,85.48,186800,85.48,-0.007316191,86.04642857,75.7966,red
5/17/21,2021,5,17,Monday,20,2021-20,81.95,82.27,80.19,81.67,444700,81.67,-0.044571889,85.87071429,76.0426,red
5/18/21,2021,5,18,Tuesday,20,2021-20,84.64,85.24,83.52,83.55,253200,83.55,0.023019529,85.82571429,76.3086,red
5/19/21,2021,5,19,Wednesday,20,2021-20,82.05,82.87,81.39,82.22,248000,82.22,-0.015918633,85.70642857,76.5568,red
5/20/21,2021,5,20,Thursday,20,2021-20,80.72,80.75,79.77,80.68,227100,80.68,-0.018730247,85.65428571,76.8998,red
5/21/21,2021,5,21,Friday,20,2021-20,80.61,80.9,79.55,79.77,175500,79.77,-0.011279173,85.42214286,77.1516,red
5/24/21,2021,5,24,Monday,21,2021-21,79.35,80.13,78.7,79.76,149800,79.76,-0.000125292,85.09642857,77.4072,red
5/25/21,2021,5,25,Tuesday,21,2021-21,79.68,80.62,79.03,79.17,133800,79.17,-0.007397241,84.63714286,77.645,red
5/26/21,2021,5,26,Wednesday,21,2021-21,78.37,79.08,77.8,78.77,234800,78.77,-0.005052438,83.94928571,77.8818,red
5/27/21,2021,5,27,Thursday,21,2021-21,80.49,81.68,80.38,80.59,223600,80.59,0.02310524,83.28357143,78.1584,red
5/28/21,2021,5,28,Friday,21,2021-21,80.18,80.68,79.37,80.11,174900,80.11,-0.005956021,82.52071429,78.4608,red
6/1/21,2021,6,1,Tuesday,22,2021-22,80.43,81.65,80.2,81.49,346400,81.49,0.017226279,81.78571429,78.7946,red
6/2/21,2021,6,2,Wednesday,22,2021-22,80.4,80.4,79.15,79.32,252600,79.32,-0.026629012,81.335,79.0372,red
6/3/21,2021,6,3,Thursday,22,2021-22,77.81,78.16,76.78,77.84,238500,77.84,-0.01865864,80.74428571,79.2454,red
6/4/21,2021,6,4,Friday,22,2021-22,78.5,78.57,77.72,78.46,169300,78.46,0.007965092,80.24285714,79.4648,red
6/7/21,2021,6,7,Monday,23,2021-23,76.9,76.98,75.9,76.37,126700,76.37,-0.026637731,79.86428571,79.635,red
6/8/21,2021,6,8,Tuesday,23,2021-23,77.04,77.04,76,76.37,143600,76.37,0,79.35142857,79.7268,red
6/9/21,2021,6,9,Wednesday,23,2021-23,74.5,75.02,74.1,74.81,225900,74.81,-0.020426936,78.82214286,79.7846,red
6/10/21,2021,6,10,Thursday,23,2021-23,75.58,76.14,75.09,75.56,152400,75.56,0.010025398,78.45642857,79.8684,red
6/11/21,2021,6,11,Friday,23,2021-23,78.24,78.46,77.3,77.64,191700,77.64,0.027527818,78.30428571,79.9772,red
6/14/21,2021,6,14,Monday,24,2021-24,76.96,77.2,75.68,76.23,141200,76.23,-0.018160691,78.05214286,80.0702,red
6/15/21,2021,6,15,Tuesday,24,2021-24,76.24,76.24,75.23,75.95,151000,75.95,-0.003673178,77.82214286,80.091,red
6/16/21,2021,6,16,Wednesday,24,2021-24,76.7,76.96,75.25,76.01,218600,76.01,0.000790062,77.625,80.1412,red
6/17/21,2021,6,17,Thursday,24,2021-24,75.52,75.54,73.13,73.73,229600,73.73,-0.029996036,77.135,80.1362,red
6/18/21,2021,6,18,Friday,24,2021-24,73.98,74.48,73.09,73.54,250700,73.54,-0.002577003,76.66571429,80.134,red
6/21/21,2021,6,21,Monday,25,2021-25,73.96,75.25,73.96,74.92,116700,74.92,0.01876526,76.19642857,80.1674,red
6/22/21,2021,6,22,Tuesday,25,2021-25,75.48,75.48,74.62,75.22,353900,75.22,0.004004312,75.90357143,80.2124,red
6/23/21,2021,6,23,Wednesday,25,2021-25,74.94,75.42,74.63,75.13,279200,75.13,-0.001196543,75.71,80.2596,red
6/24/21,2021,6,24,Thursday,25,2021-25,76.8,78.36,76.8,77.86,251100,77.86,0.036337062,75.66714286,80.3062,red
6/25/21,2021,6,25,Friday,25,2021-25,78.5,78.79,77.64,77.71,132100,77.71,-0.001926554,75.76285714,80.3238,red
6/28/21,2021,6,28,Monday,26,2021-26,77.85,78.43,77.05,77.26,320700,77.26,-0.005790721,75.82642857,80.3278,red
6/29/21,2021,6,29,Tuesday,26,2021-26,77.08,77.35,76.65,76.94,118600,76.94,-0.004141855,75.97857143,80.2954,red
6/30/21,2021,6,30,Wednesday,26,2021-26,76.35,77.18,76.35,76.77,110400,76.77,-0.002209589,76.065,80.2744,red
7/1/21,2021,7,1,Thursday,26,2021-26,76.96,76.96,75.85,76.46,85800,76.46,-0.004038004,75.98071429,80.2274,red
7/2/21,2021,7,2,Friday,26,2021-26,76.21,76.57,75.69,76.38,85300,76.38,-0.001046323,75.99142857,80.1976,red
7/6/21,2021,7,6,Tuesday,27,2021-27,75.9,75.93,74.05,74.42,99900,74.42,-0.025661157,75.88214286,80.0886,red
7/7/21,2021,7,7,Wednesday,27,2021-27,74.42,75.2,74.35,75,208500,75,0.007793629,75.81,79.9666,red
7/8/21,2021,7,8,Thursday,27,2021-27,73.14,73.23,71.86,72.31,378200,72.31,-0.035866699,75.70857143,79.7302,red
7/9/21,2021,7,9,Friday,27,2021-27,73.74,75.05,73.44,75.04,186400,75.04,0.037754162,75.81571429,79.5474,red
7/12/21,2021,7,12,Monday,28,2021-28,75,76.09,74.85,75.73,95100,75.73,0.009195128,75.87357143,79.3842,red
7/13/21,2021,7,13,Tuesday,28,2021-28,75.46,75.53,74.6,74.6,104300,74.6,-0.014921495,75.82928571,79.248,red
7/14/21,2021,7,14,Wednesday,28,2021-28,75.02,75.31,74.15,74.74,111700,74.74,0.001876667,75.80142857,79.0824,red
7/15/21,2021,7,15,Thursday,28,2021-28,75.2,76.08,74.84,75.24,110700,75.24,0.006689858,75.61428571,78.9008,red
7/16/21,2021,7,16,Friday,28,2021-28,74.62,74.62,73.04,73.22,142800,73.22,-0.026847378,75.29357143,78.6532,red
7/19/21,2021,7,19,Monday,29,2021-29,71.42,71.82,70.88,71.41,139800,71.41,-0.024719988,74.87571429,78.3134,red
7/20/21,2021,7,20,Tuesday,29,2021-29,71.36,72.91,71.06,72.13,105800,72.13,0.010082531,74.53214286,77.9578,red
7/21/21,2021,7,21,Wednesday,29,2021-29,72.69,73.26,72.34,73.25,142900,73.25,0.015527558,74.28071429,77.607,red
7/22/21,2021,7,22,Thursday,29,2021-29,75.19,75.35,74.16,74.16,155900,74.16,0.012423258,74.11642857,77.2546,red
7/23/21,2021,7,23,Friday,29,2021-29,76.23,76.93,75.69,76.33,137900,76.33,0.029261031,74.11285714,77.0686,green
7/26/21,2021,7,26,Monday,30,2021-30,76.27,77.37,76.21,77.33,123200,77.33,0.013101008,74.32071429,76.893,green
7/27/21,2021,7,27,Tuesday,30,2021-30,78.3,78.35,77.17,78.15,150400,78.15,0.010603901,74.54571429,76.7464,green
7/28/21,2021,7,28,Wednesday,30,2021-30,79.21,79.57,78.01,79.14,165700,79.14,0.012667919,75.03357143,76.6958,green
7/29/21,2021,7,29,Thursday,30,2021-30,78.34,79.99,78.34,79.75,220700,79.75,0.007707867,75.37,76.6198,green
7/30/21,2021,7,30,Friday,30,2021-30,79.75,80.02,78.81,78.99,175000,78.99,-0.009529807,75.60285714,76.5552,green
8/2/21,2021,8,2,Monday,31,2021-31,78.23,78.59,77.08,77.15,170600,77.15,-0.023294042,75.785,76.4846,green
8/3/21,2021,8,3,Tuesday,31,2021-31,74.71,75.88,73.75,75.58,372700,75.58,-0.020349963,75.845,76.4008,green
8/4/21,2021,8,4,Wednesday,31,2021-31,75.97,76.38,75.47,75.73,149700,75.73,0.001984672,75.88,76.3202,green
8/5/21,2021,8,5,Thursday,31,2021-31,75.68,76.01,74.94,75.35,109200,75.35,-0.005017891,76.03214286,76.2438,green
8/6/21,2021,8,6,Friday,31,2021-31,75.3,75.95,74.94,75.3,175900,75.3,-0.000663509,76.31,76.1744,red
8/9/21,2021,8,9,Monday,32,2021-32,74.45,74.54,73.7,74.28,175700,74.28,-0.013545873,76.46357143,76.0482,red
8/10/21,2021,8,10,Tuesday,32,2021-32,73.8,74.99,73.54,74.68,186800,74.68,0.00538505,76.56571429,75.9396,red
8/11/21,2021,8,11,Wednesday,32,2021-32,75.37,75.64,74.53,75.56,170300,75.56,0.011783573,76.66571429,75.821,red
8/12/21,2021,8,12,Thursday,32,2021-32,73.38,73.38,72.07,72.59,183700,72.59,-0.039306529,76.39857143,75.6864,red
8/13/21,2021,8,13,Friday,32,2021-32,71.96,72.04,71.17,71.57,218400,71.57,-0.014051477,75.98714286,75.561,red
8/16/21,2021,8,16,Monday,33,2021-33,71.28,71.59,70.41,71.56,226400,71.56,-0.000139753,75.51642857,75.423,red
8/17/21,2021,8,17,Tuesday,33,2021-33,70.3,70.3,68.43,69.18,204900,69.18,-0.033258767,74.805,75.2792,red
8/18/21,2021,8,18,Wednesday,33,2021-33,69.54,69.83,68.91,68.92,188200,68.92,-0.003758343,74.03142857,75.1302,red
8/19/21,2021,8,19,Thursday,33,2021-33,66.76,66.96,65.86,66.33,202700,66.33,-0.037579751,73.12714286,74.9606,red
8/20/21,2021,8,20,Friday,33,2021-33,65.8,65.98,65.3,65.66,143600,65.66,-0.010100982,72.30642857,74.7626,red
8/23/21,2021,8,23,Monday,34,2021-34,66.17,66.73,66.16,66.45,112900,66.45,0.012031575,71.65428571,74.5388,red
8/24/21,2021,8,24,Tuesday,34,2021-34,68.4,69,68.2,68.32,187000,68.32,0.028141502,71.125,74.3806,red
8/25/21,2021,8,25,Wednesday,34,2021-34,69.31,69.61,68.92,69.06,162600,69.06,0.010831351,70.67571429,74.2428,red
8/26/21,2021,8,26,Thursday,34,2021-34,68.81,68.91,67.68,67.92,116000,67.92,-0.016507377,70.14857143,74.081,red
8/27/21,2021,8,27,Friday,34,2021-34,67.2,68.81,67.2,68.74,123600,68.74,0.012073023,69.75285714,73.9812,red
8/30/21,2021,8,30,Monday,35,2021-35,70.75,71.18,70.54,70.54,169100,70.54,0.026185672,69.45714286,73.9212,red
8/31/21,2021,8,31,Tuesday,35,2021-35,71.63,72.23,71.17,71.4,252600,71.4,0.012191673,69.16,73.8508,red
9/1/21,2021,9,1,Wednesday,35,2021-35,71.94,73.21,71.73,73.15,250000,73.15,0.024509803,69.2,73.8094,red
9/2/21,2021,9,2,Thursday,35,2021-35,73.55,74.4,73.42,73.81,171600,73.81,0.009022502,69.36,73.783,red
9/3/21,2021,9,3,Friday,35,2021-35,74.58,75.21,74.36,75.05,133100,75.05,0.016799967,69.60928571,73.7268,green
9/7/21,2021,9,7,Tuesday,36,2021-36,76.95,77.18,76.42,76.63,160200,76.63,0.021052553,70.14142857,73.7052,green
9/8/21,2021,9,8,Wednesday,36,2021-36,76.89,77.05,76.01,76.23,214600,76.23,-0.005219808,70.66357143,73.6846,green
9/9/21,2021,9,9,Thursday,36,2021-36,76.56,76.77,75.65,76.16,186900,76.16,-0.00091827,71.36571429,73.669,green
9/10/21,2021,9,10,Friday,36,2021-36,76.87,77.54,76.48,76.64,166900,76.64,0.006302465,72.15,73.6664,green
9/13/21,2021,9,13,Monday,37,2021-37,79.15,79.87,78.63,79.19,220900,79.19,0.033272483,73.06,73.721,green
9/14/21,2021,9,14,Tuesday,37,2021-37,78.68,78.68,76.75,76.94,135000,76.94,-0.028412677,73.67571429,73.7322,green
9/15/21,2021,9,15,Wednesday,37,2021-37,77,78.22,77,78.21,153600,78.21,0.016506324,74.32928571,73.808,green
9/16/21,2021,9,16,Thursday,37,2021-37,77.45,77.45,76.11,76.4,174300,76.4,-0.02314279,74.935,73.836,green
9/17/21,2021,9,17,Friday,37,2021-37,76.14,76.14,73.75,74.44,331400,74.44,-0.025654438,75.34214286,73.8786,red
9/20/21,2021,9,20,Monday,38,2021-38,72.55,73.04,71.68,72.58,150900,72.58,-0.024986574,75.48785714,73.8294,red
9/21/21,2021,9,21,Tuesday,38,2021-38,73.8,73.8,72.01,72.77,142600,72.77,0.00261773,75.58571429,73.7702,red
9/22/21,2021,9,22,Wednesday,38,2021-38,74.02,74.86,73.49,74.27,214800,74.27,0.020612891,75.66571429,73.7636,red
9/23/21,2021,9,23,Thursday,38,2021-38,73.1,73.58,72.9,73.46,218700,73.46,-0.010906121,75.64071429,73.738,red
9/24/21,2021,9,24,Friday,38,2021-38,72.88,73.52,72.77,72.89,275200,72.89,-0.007759321,75.48642857,73.691,red
9/27/21,2021,9,27,Monday,39,2021-39,72.58,72.98,71.82,72.79,132300,72.79,-0.001371909,75.21214286,73.6824,red
9/28/21,2021,9,28,Tuesday,39,2021-39,70.66,71.06,70.09,70.37,246800,70.37,-0.033246299,74.79357143,73.6616,red
9/29/21,2021,9,29,Wednesday,39,2021-39,70.01,70.05,69.46,69.64,142800,69.64,-0.010373786,74.32785714,73.6118,red
9/30/21,2021,9,30,Thursday,39,2021-39,69.93,70.17,68.9,68.97,205400,68.97,-0.009620881,73.78,73.5262,red
10/1/21,2021,10,1,Friday,39,2021-39,68.61,69.16,68.1,68.99,181900,68.99,0.000289932,73.05142857,73.4228,red
10/4/21,2021,10,4,Monday,40,2021-40,68.73,69.28,68.14,68.3,81100,68.3,-0.010001375,72.43428571,73.2622,red
10/5/21,2021,10,5,Tuesday,40,2021-40,68.5,69.06,68,68.72,187100,68.72,0.006149314,71.75642857,73.09,red
10/6/21,2021,10,6,Wednesday,40,2021-40,66.67,66.98,65.95,66.98,165700,66.98,-0.025320108,71.08357143,72.8666,red
10/7/21,2021,10,7,Thursday,40,2021-40,67.45,68.23,67.45,67.9,200500,67.9,0.013735415,70.61642857,72.6418,red
10/8/21,2021,10,8,Friday,40,2021-40,67.82,67.82,66.91,67.37,164900,67.37,-0.007805578,70.24428571,72.3942,red
10/11/21,2021,10,11,Monday,41,2021-41,67.42,68.67,67.26,67.29,121700,67.29,-0.001187499,69.85285714,72.1602,red
10/12/21,2021,10,12,Tuesday,41,2021-41,67,67.16,66.6,66.72,258800,66.72,-0.008470793,69.31357143,71.9516,red
10/13/21,2021,10,13,Wednesday,41,2021-41,67.63,68.36,67.27,68.28,148100,68.28,0.023381258,68.94357143,71.8056,red
10/14/21,2021,10,14,Thursday,41,2021-41,68.92,69.92,68.74,69.49,191800,69.49,0.017721135,68.70071429,71.6808,red
10/15/21,2021,10,15,Friday,41,2021-41,69.78,69.94,69.19,69.22,149300,69.22,-0.003885403,68.44571429,71.5582,green
10/18/21,2021,10,18,Monday,42,2021-42,67.25,67.7,66.77,67.24,170200,67.24,-0.028604498,68.22214286,71.397,green
10/19/21,2021,10,19,Tuesday,42,2021-42,68.03,68.19,67.36,67.58,158300,67.58,0.005056573,68.075,71.263,green
10/20/21,2021,10,20,Wednesday,42,2021-42,66.5,66.65,65.74,65.94,202600,65.94,-0.024267525,67.85857143,71.0882,green
10/21/21,2021,10,21,Thursday,42,2021-42,65.87,65.87,64.88,65.25,239900,65.25,-0.010464095,67.59142857,70.882,green
10/22/21,2021,10,22,Friday,42,2021-42,64.8,65.67,64.7,65.14,255700,65.14,-0.001685833,67.36571429,70.733,red
10/25/21,2021,10,25,Monday,43,2021-43,66.47,67.29,66.41,67.01,134900,67.01,0.028707442,67.24357143,70.6418,red
10/26/21,2021,10,26,Tuesday,43,2021-43,67.28,67.28,66.57,66.8,123800,66.8,-0.003133847,67.23071429,70.5466,red
10/27/21,2021,10,27,Wednesday,43,2021-43,65.99,65.99,64.66,64.66,188100,64.66,-0.032035918,66.99928571,70.4562,red
10/28/21,2021,10,28,Thursday,43,2021-43,64.52,64.67,64.18,64.53,78800,64.53,-0.002010592,66.79642857,70.3684,red
10/29/21,2021,10,29,Friday,43,2021-43,63.64,63.76,62.79,63.26,141900,63.26,-0.019680776,66.50857143,70.307,red
11/1/21,2021,11,1,Monday,44,2021-44,63.18,63.7,62.92,63.48,150500,63.48,0.00347773,66.27714286,70.2634,red
11/2/21,2021,11,2,Tuesday,44,2021-44,63.37,63.68,63.14,63.28,150200,63.28,-0.003150611,65.92,70.2,red
11/3/21,2021,11,3,Wednesday,44,2021-44,63.43,63.69,62.61,63.46,173600,63.46,0.002844506,65.48928571,70.1028,red
11/4/21,2021,11,4,Thursday,44,2021-44,63.26,63.6,62.05,62.65,125600,62.65,-0.012763908,65.02,69.9746,red
11/5/21,2021,11,5,Friday,44,2021-44,60.73,61.16,60.53,60.92,182400,60.92,-0.02761378,64.56857143,69.8346,red
11/8/21,2021,11,8,Monday,45,2021-45,60.63,61.43,60.53,61.29,238400,61.29,0.006073584,64.11928571,69.6856,red
11/9/21,2021,11,9,Tuesday,45,2021-45,60.94,60.94,60.04,60.23,212400,60.23,-0.01729485,63.71142857,69.4794,red
11/10/21,2021,11,10,Wednesday,45,2021-45,58.5,58.72,57.77,57.88,446100,57.88,-0.039017076,63.185,69.209,red
11/11/21,2021,11,11,Thursday,45,2021-45,58.66,60.68,58.66,60.04,791900,60.04,0.037318587,62.82071429,68.9468,red
11/12/21,2021,11,12,Friday,45,2021-45,60.48,60.95,60.31,60.58,239300,60.58,0.008994019,62.36142857,68.6822,green
11/15/21,2021,11,15,Monday,46,2021-46,60.58,60.58,59.33,59.57,135300,59.57,-0.016672204,61.845,68.3726,green
11/16/21,2021,11,16,Tuesday,46,2021-46,59.67,59.81,59.06,59.27,302800,59.27,-0.005036079,61.46,68.0254,green
11/17/21,2021,11,17,Wednesday,46,2021-46,58.44,58.5,57.59,57.82,181100,57.82,-0.024464329,60.98071429,67.6572,green
11/18/21,2021,11,18,Thursday,46,2021-46,57.81,58,57.33,57.75,233500,57.75,-0.001210648,60.58714286,67.289,green
11/19/21,2021,11,19,Friday,46,2021-46,58.07,58.61,58.07,58.19,112800,58.19,0.007619024,60.20928571,66.92,red
11/22/21,2021,11,22,Monday,47,2021-47,59.22,59.83,59.06,59.06,256800,59.06,0.01495107,59.90785714,66.5174,red
11/23/21,2021,11,23,Tuesday,47,2021-47,59.96,60.59,59.45,59.9,322400,59.9,0.014222826,59.65357143,66.1766,red
11/24/21,2021,11,24,Wednesday,47,2021-47,58.62,58.81,58.35,58.78,192800,58.78,-0.018697875,59.37714286,65.788,red
11/26/21,2021,11,26,Friday,47,2021-47,56.48,56.49,55.65,55.9,176000,55.9,-0.048996212,59.01857143,65.378,red
11/29/21,2021,11,29,Monday,48,2021-48,55.9,56.49,55.13,55.52,216800,55.52,-0.006797872,58.60642857,64.9996,red
11/30/21,2021,11,30,Tuesday,48,2021-48,54.91,55.59,54.44,55.17,335200,55.17,-0.006304076,58.245,64.6514,red
12/1/21,2021,12,1,Wednesday,48,2021-48,58.6,58.98,57.5,57.5,334000,57.5,0.042233132,58.21785714,64.346,red
12/2/21,2021,12,2,Thursday,48,2021-48,59.41,60.46,59.23,60.15,267600,60.15,0.046086983,58.22571429,64.0636,red
12/3/21,2021,12,3,Friday,48,2021-48,60.02,60.23,59.09,59.47,242700,59.47,-0.011305075,58.14642857,63.7838,green
12/6/21,2021,12,6,Monday,49,2021-49,60.17,61.36,60.17,61.02,214100,61.02,0.026063548,58.25,63.5464,green
12/7/21,2021,12,7,Tuesday,49,2021-49,61.79,62.17,61.52,61.65,136200,61.65,0.010324501,58.42,63.3236,green
12/8/21,2021,12,8,Wednesday,49,2021-49,61.72,62.01,61.51,61.81,120500,61.81,0.002595293,58.705,63.1524,green
12/9/21,2021,12,9,Thursday,49,2021-49,61.75,62,61.65,61.75,118900,61.75,-0.000970739,58.99071429,62.9946,green
12/10/21,2021,12,10,Friday,49,2021-49,60.28,60.29,59.6,60.07,148100,60.07,-0.027206483,59.125,62.8166,red
12/13/21,2021,12,13,Monday,50,2021-50,60.92,60.93,59.9,60.18,140900,60.18,0.001831207,59.205,62.6404,red
12/14/21,2021,12,14,Tuesday,50,2021-50,60.28,61.29,60.28,60.69,236500,60.69,0.008474548,59.26142857,62.4882,red
12/15/21,2021,12,15,Wednesday,50,2021-50,59.5,59.9,58.59,59.9,208900,59.9,-0.013016924,59.34142857,62.3118,red
12/16/21,2021,12,16,Thursday,50,2021-50,60.12,60.91,60.11,60.18,197300,60.18,0.004674437,59.64714286,62.1758,red
12/17/21,2021,12,17,Friday,50,2021-50,60.75,61.8,60.75,61.13,230000,61.13,0.015785988,60.04785714,62.0404,red
12/20/21,2021,12,20,Monday,51,2021-51,59.49,59.49,58.42,58.67,241200,58.67,-0.040242154,60.29785714,61.8664,red
12/21/21,2021,12,21,Tuesday,51,2021-51,58.69,59.8,58.69,59.62,179000,59.62,0.016192275,60.44928571,61.713,red
12/22/21,2021,12,22,Wednesday,51,2021-51,58.89,60.14,58.85,60.03,174900,60.03,0.006876885,60.44071429,61.5792,red
12/23/21,2021,12,23,Thursday,51,2021-51,59.94,60.46,59.69,60.14,178900,60.14,0.001832427,60.48857143,61.4164,red
12/27/21,2021,12,27,Monday,52,2021-52,59.55,60.56,59.36,60.43,98800,60.43,0.004822097,60.44642857,61.2352,red
12/28/21,2021,12,28,Tuesday,52,2021-52,59.87,60.3,59.49,59.75,102200,59.75,-0.011252694,60.31071429,61.0458,red
12/29/21,2021,12,29,Wednesday,52,2021-52,59.64,60.03,59.52,59.85,114000,59.85,0.001673615,60.17071429,60.898,red
12/30/21,2021,12,30,Thursday,52,2021-52,58.3,58.66,57.99,58.13,195400,58.13,-0.02873847,59.91214286,60.709,red
12/31/21,2021,12,31,Friday,52,2021-52,58.06,58.54,58.02,58.29,199500,58.29,0.002752449,59.785,60.556,green
1/3/22,2022,1,3,Monday,1,2022-01,58.75,59.2,58.59,58.98,106600,58.98,0.011837341,59.69928571,60.4306,green
1/4/22,2022,1,4,Tuesday,1,2022-01,59.91,60.4,59.75,60.08,166300,60.08,0.018650429,59.65571429,60.3294,green
1/5/22,2022,1,5,Wednesday,1,2022-01,61.8,62.48,61.25,61.25,361300,61.25,0.019474004,59.75214286,60.2142,green
1/6/22,2022,1,6,Thursday,1,2022-01,63.4,63.55,61.93,62.35,274300,62.35,0.017959159,59.90714286,60.1252,green
1/7/22,2022,1,7,Friday,1,2022-01,63.13,63.48,62.36,63.48,229700,63.48,0.018123514,60.075,60.1016,red
1/10/22,2022,1,10,Monday,2,2022-02,63.35,63.5,62.55,62.96,181500,62.96,-0.008191564,60.38142857,60.0702,red
1/11/22,2022,1,11,Tuesday,2,2022-02,62.9,64,62.58,64,160100,64,0.016518439,60.69428571,60.085,red
1/12/22,2022,1,12,Wednesday,2,2022-02,64.89,65.11,64.37,64.89,185400,64.89,0.01390624,61.04142857,60.1132,red
1/13/22,2022,1,13,Thursday,2,2022-02,64.51,64.81,63.9,63.95,196000,63.95,-0.014486032,61.31357143,60.1266,red
1/14/22,2022,1,14,Friday,2,2022-02,63,63.09,62.14,62.49,255900,62.49,-0.022830322,61.46071429,60.1072,green
1/18/22,2022,1,18,Tuesday,3,2022-03,60.17,60.3,58.77,58.82,310100,58.82,-0.058729427,61.39428571,60.0306,green
1/19/22,2022,1,19,Wednesday,3,2022-03,60,60.65,59.66,60.12,389400,60.12,0.022101313,61.41357143,60.0146,green
1/20/22,2022,1,20,Thursday,3,2022-03,60.21,60.97,59.21,59.31,145200,59.31,-0.013473014,61.49785714,59.975,green
1/21/22,2022,1,21,Friday,3,2022-03,59.19,59.22,57.74,57.92,252400,57.92,-0.023436236,61.47142857,59.9288,green
1/24/22,2022,1,24,Monday,4,2022-04,56.44,56.85,54.91,56.79,263800,56.79,-0.019509622,61.315,59.907,green
1/25/22,2022,1,25,Tuesday,4,2022-04,55.75,56.59,55.04,56.06,200300,56.06,-0.012854368,61.02785714,59.8274,green
1/26/22,2022,1,26,Wednesday,4,2022-04,56.83,57.19,55.58,55.8,184200,55.8,-0.004637926,60.63857143,59.7318,green
1/27/22,2022,1,27,Thursday,4,2022-04,54.45,55.67,54.2,54.58,333400,54.58,-0.021863753,60.08357143,59.632,green
1/28/22,2022,1,28,Friday,4,2022-04,54.98,55.45,54.32,55.18,180100,55.18,0.010993009,59.49071429,59.5502,red
1/31/22,2022,1,31,Monday,5,2022-05,55.29,56.54,55.29,56.54,188000,56.54,0.024646622,59.03214286,59.5246,red
2/1/22,2022,2,1,Tuesday,5,2022-05,57.17,57.79,56.91,57.1,353400,57.1,0.009904449,58.53928571,59.5116,red
2/2/22,2022,2,2,Wednesday,5,2022-05,57.1,57.27,56.61,57.12,505700,57.12,0.000350271,57.98428571,59.4902,red
2/3/22,2022,2,3,Thursday,5,2022-05,56.16,56.59,55.64,55.65,443900,55.65,-0.025735249,57.39142857,59.422,red
2/4/22,2022,2,4,Friday,5,2022-05,55.65,56.08,55.2,55.98,195700,55.98,0.005929883,56.92642857,59.3436,red
2/7/22,2022,2,7,Monday,6,2022-06,56.19,57.18,56.02,56.85,186100,56.85,0.015541246,56.78571429,59.305,red
2/8/22,2022,2,8,Tuesday,6,2022-06,56.1,57.19,56.1,57.06,452500,57.06,0.003693982,56.56714286,59.3282,red
2/9/22,2022,2,9,Wednesday,6,2022-06,59.13,60.31,58.81,60.25,401500,60.25,0.055906038,56.63428571,59.4228,red
2/10/22,2022,2,10,Thursday,6,2022-06,58.92,60.41,58.77,59.21,766300,59.21,-0.017261426,56.72642857,59.5036,red
2/11/22,2022,2,11,Friday,6,2022-06,60.2,61.19,60.08,60.65,521000,60.65,0.024320258,57.00214286,59.5666,red
2/14/22,2022,2,14,Monday,7,2022-07,59.87,59.87,58.53,58.92,201700,58.92,-0.028524374,57.20642857,59.542,red
2/15/22,2022,2,15,Tuesday,7,2022-07,58.7,59.23,58.43,59.2,211800,59.2,0.004752251,57.44928571,59.5366,red
2/16/22,2022,2,16,Wednesday,7,2022-07,58.6,59.56,58.6,59.18,190000,59.18,-0.000337846,57.77785714,59.4998,red
2/17/22,2022,2,17,Thursday,7,2022-07,58.71,58.98,58.17,58.5,147400,58.5,-0.011490373,58.015,59.4368,red
2/18/22,2022,2,18,Friday,7,2022-07,58.5,58.8,57.84,58.04,182200,58.04,-0.007863232,58.12214286,59.3614,green
2/22/22,2022,2,22,Tuesday,8,2022-08,58.27,58.78,57.57,57.88,127700,57.88,-0.002756717,58.17785714,59.284,green
2/23/22,2022,2,23,Wednesday,8,2022-08,57.97,57.97,57.02,57.02,134900,57.02,-0.014858338,58.17071429,59.223,green
2/24/22,2022,2,24,Thursday,8,2022-08,56.25,57.28,56,57.12,260600,57.12,0.001753744,58.27571429,59.1618,green
2/25/22,2022,2,25,Friday,8,2022-08,57.46,59.16,57.4,59.09,201600,59.09,0.034488818,58.49785714,59.1298,red
2/28/22,2022,2,28,Monday,9,2022-09,58.51,59.6,58.43,59.32,364900,59.32,0.00389236,58.67428571,59.1182,red
3/1/22,2022,3,1,Tuesday,9,2022-09,59.37,60.14,58.59,58.78,180400,58.78,-0.009103185,58.79714286,59.0902,red
3/2/22,2022,3,2,Wednesday,9,2022-09,59.14,59.57,58.79,59.49,318500,59.49,0.012078988,58.74285714,59.0574,red
3/3/22,2022,3,3,Thursday,9,2022-09,60,60.26,59.36,60.03,297100,60.03,0.009077107,58.80142857,59.0846,red
3/4/22,2022,3,4,Friday,9,2022-09,58.92,59.34,58.14,59.1,230300,59.1,-0.015492259,58.69071429,59.0742,green
3/7/22,2022,3,7,Monday,10,2022-10,58.38,58.39,55.64,55.89,420700,55.89,-0.054314707,58.47428571,58.9914,green
3/8/22,2022,3,8,Tuesday,10,2022-10,55.68,55.86,54.72,54.73,669300,54.73,-0.020755052,58.155,58.8832,green
3/9/22,2022,3,9,Wednesday,10,2022-10,55.5,56.27,55.12,55.75,306600,55.75,0.018636954,57.91,58.7896,green
3/10/22,2022,3,10,Thursday,10,2022-10,56.65,57.46,56.49,57.38,291300,57.38,0.029237687,57.83,58.7422,green
3/11/22,2022,3,11,Friday,10,2022-10,57.38,57.8,56.44,56.44,248200,56.44,-0.016382057,57.71571429,58.674,green
3/14/22,2022,3,14,Monday,11,2022-11,57.65,57.65,56.59,56.95,241500,56.95,0.009036183,57.64928571,58.6504,red
3/15/22,2022,3,15,Tuesday,11,2022-11,56.51,57.06,56.08,57,180000,57,0.00087795,57.64785714,58.6246,red
3/16/22,2022,3,16,Wednesday,11,2022-11,57.68,59.07,57.29,59,178600,59,0.035087719,57.78214286,58.625,red
3/17/22,2022,3,17,Thursday,11,2022-11,58.63,59.63,58.11,59.49,231000,59.49,0.008305113,57.81071429,58.6132,red
3/18/22,2022,3,18,Friday,11,2022-11,59.26,59.68,59,59.67,126800,59.67,0.00302566,57.83571429,58.5816,green
3/21/22,2022,3,21,Monday,12,2022-12,59.55,60.18,59.54,60.08,166800,60.08,0.006871186,57.92857143,58.5362,green
3/22/22,2022,3,22,Tuesday,12,2022-12,60.5,61.27,60.33,60.43,243300,60.43,0.00582554,57.99571429,58.4752,green
3/23/22,2022,3,23,Wednesday,12,2022-12,62.15,62.67,62.15,62.37,131200,62.37,0.032103237,58.16285714,58.4634,green
3/24/22,2022,3,24,Thursday,12,2022-12,62.3,62.39,61.99,62.34,149600,62.34,-0.000480981,58.39428571,58.4302,green
3/25/22,2022,3,25,Friday,12,2022-12,61.84,61.84,61.07,61.63,141700,61.63,-0.011389142,58.80428571,58.365,green
3/28/22,2022,3,28,Monday,13,2022-13,61.33,61.33,60.67,61.05,123100,61.05,-0.009411031,59.25571429,58.307,green
3/29/22,2022,3,29,Tuesday,13,2022-13,61.14,61.69,60.95,61.64,265000,61.64,0.009664212,59.67642857,58.29,green
3/30/22,2022,3,30,Wednesday,13,2022-13,60.11,60.36,59.06,59.22,233500,59.22,-0.039260191,59.80785714,58.298,green
3/31/22,2022,3,31,Thursday,13,2022-13,59.74,59.92,59.23,59.27,134400,59.27,0.000844296,60.01,58.281,green
4/1/22,2022,4,1,Friday,13,2022-13,59,59.78,58.49,59.73,221800,59.73,0.007761078,60.20857143,58.2894,red
4/4/22,2022,4,4,Monday,14,2022-14,60.11,60.62,60,60.49,115900,60.49,0.01272396,60.45785714,58.3408,red
4/5/22,2022,4,5,Tuesday,14,2022-14,59.83,59.83,58.12,58.37,263500,58.37,-0.03504716,60.41285714,58.3724,red
4/6/22,2022,4,6,Wednesday,14,2022-14,58.08,58.46,57.58,58.23,157800,58.23,-0.002398482,60.32285714,58.4158,red
4/7/22,2022,4,7,Thursday,14,2022-14,57.89,58.17,57.29,57.78,140900,57.78,-0.007727988,60.18785714,58.4554,red
4/8/22,2022,4,8,Friday,14,2022-14,57.93,58.52,57.79,58.33,139900,58.33,0.009518918,60.06285714,58.5304,red
4/11/22,2022,4,11,Monday,15,2022-15,58.45,59.02,58.15,58.37,141700,58.37,0.000685704,59.91571429,58.5942,red
4/12/22,2022,4,12,Tuesday,15,2022-15,58.59,58.84,57.71,57.93,190800,57.93,-0.007538096,59.59857143,58.622,red
4/13/22,2022,4,13,Wednesday,15,2022-15,58.08,59.11,58.08,59,139300,59,0.018470563,59.36,58.66,red
4/14/22,2022,4,14,Thursday,15,2022-15,58.78,59.15,58.43,58.6,146700,58.6,-0.006779687,59.14357143,58.6896,green
4/18/22,2022,4,18,Monday,16,2022-16,58.31,58.31,57.51,57.69,128700,57.69,-0.015529008,58.90357143,58.7304,green
4/19/22,2022,4,19,Tuesday,16,2022-16,58.04,58.49,57.92,58.37,183800,58.37,0.011787144,58.67,58.7782,green
4/20/22,2022,4,20,Wednesday,16,2022-16,58.62,59.32,58.3,59.23,155400,59.23,0.014733607,58.67071429,58.8258,green
4/21/22,2022,4,21,Thursday,16,2022-16,60.38,60.5,58.44,58.54,284600,58.54,-0.011649479,58.61857143,58.8554,green
4/22/22,2022,4,22,Friday,16,2022-16,59,59.13,57.17,57.45,214000,57.45,-0.018619749,58.45571429,58.7994,red
4/25/22,2022,4,25,Monday,17,2022-17,56.63,56.63,54.83,56.14,323900,56.14,-0.022802461,58.145,58.738,red
4/26/22,2022,4,26,Tuesday,17,2022-17,56.29,56.46,55.04,55.08,235600,55.08,-0.018881325,57.91,58.6266,red
4/27/22,2022,4,27,Wednesday,17,2022-17,55.08,55.35,54.65,54.95,235500,54.95,-0.002360223,57.67571429,58.5472,red
4/28/22,2022,4,28,Thursday,17,2022-17,56.33,57.61,56.17,57.39,241700,57.39,0.044403978,57.64785714,58.511,red
4/29/22,2022,4,29,Friday,17,2022-17,57.5,57.97,56.65,56.71,206100,56.71,-0.01184876,57.53214286,58.4616,green
5/2/22,2022,5,2,Monday,18,2022-18,57.41,57.65,56.11,57.14,191100,57.14,0.007582442,57.44428571,58.4344,green
5/3/22,2022,5,3,Tuesday,18,2022-18,56.95,57.66,56.75,57.22,135400,57.22,0.001400102,57.39357143,58.418,green
5/4/22,2022,5,4,Wednesday,18,2022-18,57.44,58.82,56.75,58.82,147400,58.82,0.027962224,57.38071429,58.4368,green
5/5/22,2022,5,5,Thursday,18,2022-18,58.25,58.25,55.55,55.87,190900,55.87,-0.050153022,57.18571429,58.4138,green
5/6/22,2022,5,6,Friday,18,2022-18,55.51,55.91,54.88,55.75,183400,55.75,-0.002147824,57.04714286,58.3864,red
5/9/22,2022,5,9,Monday,19,2022-19,54.6,54.92,53.82,53.83,234200,53.83,-0.034439429,56.72285714,58.2812,red
5/10/22,2022,5,10,Tuesday,19,2022-19,53.96,54.14,52.87,53.58,212000,53.58,-0.00464425,56.31928571,58.1664,red
5/11/22,2022,5,11,Wednesday,19,2022-19,53.49,54.38,53.22,53.26,278200,53.26,-0.005972443,55.94214286,58.056,red
5/12/22,2022,5,12,Thursday,19,2022-19,52.49,53.05,51.86,52.4,175300,52.4,-0.016147143,55.58142857,57.9142,red
5/13/22,2022,5,13,Friday,19,2022-19,54.21,55.11,54.21,55.03,257700,55.03,0.050190786,55.50214286,57.8142,green
5/16/22,2022,5,16,Monday,20,2022-20,54.7,55.55,54.52,55.43,110100,55.43,0.00726879,55.52714286,57.7408,green
5/17/22,2022,5,17,Tuesday,20,2022-20,56.54,57.37,56.54,57.37,125600,57.37,0.034999073,55.7,57.7704,green
5/18/22,2022,5,18,Wednesday,20,2022-20,56.5,56.78,54.78,55.02,223700,55.02,-0.04096215,55.53071429,57.7762,green
5/19/22,2022,5,19,Thursday,20,2022-20,55.14,56.69,55.14,56.19,134300,56.19,0.021264961,55.49357143,57.785,green
5/20/22,2022,5,20,Friday,20,2022-20,57.25,57.39,56.1,56.97,127000,56.97,0.01388152,55.48142857,57.7768,red
5/23/22,2022,5,23,Monday,21,2022-21,57.79,58.71,57.46,58.48,99300,58.48,0.026505148,55.57142857,57.8176,red
5/24/22,2022,5,24,Tuesday,21,2022-21,57.52,58.08,57.09,57.88,140100,57.88,-0.010259892,55.50428571,57.8362,red
5/25/22,2022,5,25,Wednesday,21,2022-21,57.44,57.73,56.56,57.25,295000,57.25,-0.010884607,55.60285714,57.8412,red
5/26/22,2022,5,26,Thursday,21,2022-21,58.1,59,58.1,58.6,129400,58.6,0.023580759,55.80642857,57.8332,red
5/27/22,2022,5,27,Friday,21,2022-21,59.09,59.25,58.95,59.06,146400,59.06,0.007849879,56.18,57.8246,red
5/31/22,2022,5,31,Tuesday,22,2022-22,58.69,58.69,57.52,57.52,230600,57.52,-0.026075193,56.46142857,57.7816,red
6/1/22,2022,6,1,Wednesday,22,2022-22,58.03,58.06,56.94,57.51,99700,57.51,-0.00017389,56.765,57.7302,red
6/2/22,2022,6,2,Thursday,22,2022-22,57.66,58.58,57.66,58.31,151400,58.31,0.013910678,57.18714286,57.6878,red
6/3/22,2022,6,3,Friday,22,2022-22,57.63,57.68,56.99,57.1,89700,57.1,-0.020751207,57.335,57.5824,red
6/6/22,2022,6,6,Monday,23,2022-23,57.47,57.76,57.05,57.53,135400,57.53,0.007530654,57.485,57.4862,red
6/7/22,2022,6,7,Tuesday,23,2022-23,56.69,57.97,56.69,57.94,83100,57.94,0.007126714,57.52571429,57.4124,red
6/8/22,2022,6,8,Wednesday,23,2022-23,56.88,57.04,56,56.21,174700,56.21,-0.029858467,57.61071429,57.3156,red
6/9/22,2022,6,9,Thursday,23,2022-23,56.1,56.45,54.65,54.65,189700,54.65,-0.027753026,57.50071429,57.1758,red
6/10/22,2022,6,10,Friday,23,2022-23,53.61,54.56,53.19,53.39,190300,53.39,-0.023055848,57.245,57.0592,red
6/13/22,2022,6,13,Monday,24,2022-24,51.74,51.77,50.01,50.18,302600,50.18,-0.060123602,56.65214286,56.8774,red
6/14/22,2022,6,14,Tuesday,24,2022-24,50.63,50.81,50.1,50.51,207100,50.51,0.006576286,56.12571429,56.693,red
6/15/22,2022,6,15,Wednesday,24,2022-24,50.81,51.58,50.34,51.12,243100,51.12,0.012076829,55.68785714,56.5056,red
6/16/22,2022,6,16,Thursday,24,2022-24,50.84,50.87,49.79,50.2,239700,50.2,-0.017996835,55.08785714,56.3422,red
6/17/22,2022,6,17,Friday,24,2022-24,50.46,50.62,49.73,50.18,278300,50.18,-0.000398415,54.45357143,56.1812,red
6/21/22,2022,6,21,Tuesday,25,2022-25,49.18,49.61,47.55,49.04,249500,49.04,-0.022718202,53.84785714,56.0064,red
6/22/22,2022,6,22,Wednesday,25,2022-25,46.54,46.88,46.13,46.21,438700,46.21,-0.05770803,53.04071429,55.764,red
6/23/22,2022,6,23,Thursday,25,2022-25,45.03,45.34,44.11,44.57,337800,44.57,-0.035490141,52.05928571,55.488,red
6/24/22,2022,6,24,Friday,25,2022-25,45.47,46.84,45.47,46.81,188300,46.81,0.050258059,51.32428571,55.2656,red
6/27/22,2022,6,27,Monday,26,2022-26,46.99,46.99,46.25,46.42,157400,46.42,-0.008331621,50.53071429,55.014,red
6/28/22,2022,6,28,Tuesday,26,2022-26,47,47.37,46.04,46.05,174500,46.05,-0.00797068,49.68142857,54.763,red
6/29/22,2022,6,29,Wednesday,26,2022-26,45.67,45.67,44.59,44.91,183400,44.91,-0.024755687,48.87428571,54.5074,red
6/30/22,2022,6,30,Thursday,26,2022-26,44.16,44.84,43.8,44.52,152100,44.52,-0.008684021,48.15071429,54.2304,red
7/1/22,2022,7,1,Friday,26,2022-26,44.09,44.93,43.76,44.8,145200,44.8,0.006289281,47.53714286,53.9418,red
7/5/22,2022,7,5,Tuesday,27,2022-27,43.98,44.09,43.18,44.04,250700,44.04,-0.016964249,47.09857143,53.6518,red
7/6/22,2022,7,6,Wednesday,27,2022-27,43.74,44.3,43.24,44.09,220700,44.09,0.001135314,46.64,53.3846,red
7/7/22,2022,7,7,Thursday,27,2022-27,44.67,45.23,44.47,44.76,148700,44.76,0.015196148,46.18571429,53.157,red
7/8/22,2022,7,8,Friday,27,2022-27,44.6,44.92,44.12,44.44,119900,44.44,-0.007149234,45.77428571,52.9442,red
7/11/22,2022,7,11,Monday,28,2022-28,44.03,44.03,43.41,43.46,197900,43.46,-0.022052196,45.29428571,52.7144,red
7/12/22,2022,7,12,Tuesday,28,2022-28,42.53,43.54,42.45,42.8,210100,42.8,-0.015186375,44.84857143,52.4226,red
7/13/22,2022,7,13,Wednesday,28,2022-28,42.93,43.63,42.73,43.49,129600,43.49,0.016121553,44.65428571,52.1582,red
7/14/22,2022,7,14,Thursday,28,2022-28,42.07,42.34,41.4,42.05,147700,42.05,-0.033111115,44.47428571,51.8564,red
7/15/22,2022,7,15,Friday,28,2022-28,42.26,42.7,41.87,42.64,197500,42.64,0.014030919,44.17642857,51.5648,green
7/18/22,2022,7,18,Monday,29,2022-29,43.44,43.67,42.88,43.04,170100,43.04,0.009380899,43.935,51.2492,green
7/19/22,2022,7,19,Tuesday,29,2022-29,44.21,44.95,44.1,44.87,189600,44.87,0.04251854,43.85071429,51.0292,green
7/20/22,2022,7,20,Wednesday,29,2022-29,44.41,44.52,44.1,44.28,150600,44.28,-0.013149101,43.80571429,50.7998,green
7/21/22,2022,7,21,Thursday,29,2022-29,45.57,45.68,44.76,45.54,192100,45.54,0.028455334,43.87857143,50.634,green
7/22/22,2022,7,22,Friday,29,2022-29,45.15,45.21,44.32,44.46,156900,44.46,-0.023715455,43.85428571,50.4516,green
7/25/22,2022,7,25,Monday,30,2022-30,45.01,45.33,43.82,45.01,183100,45.01,0.012370653,43.92357143,50.2866,green
7/26/22,2022,7,26,Tuesday,30,2022-30,45.15,45.15,44.74,44.87,125200,44.87,-0.003110406,43.97928571,50.136,green
7/27/22,2022,7,27,Wednesday,30,2022-30,45.21,46.04,44.98,45.91,215800,45.91,0.023178091,44.06142857,49.9536,green
7/28/22,2022,7,28,Thursday,30,2022-30,46.31,46.69,45.75,46.51,184900,46.51,0.013069015,44.20928571,49.7752,green
7/29/22,2022,7,29,Friday,30,2022-30,46.7,46.95,46.3,46.85,199200,46.85,0.007310259,44.45142857,49.5648,red
8/1/22,2022,8,1,Monday,31,2022-31,46.04,46.26,45.72,45.92,209800,45.92,-0.019850594,44.67428571,49.3828,red
8/2/22,2022,8,2,Tuesday,31,2022-31,45.19,45.47,44.7,44.82,152700,44.82,-0.023954672,44.76928571,49.1554,red
8/3/22,2022,8,3,Wednesday,31,2022-31,44.92,45.41,44.63,45.31,146900,45.31,0.010932657,45.00214286,48.9222,red
8/4/22,2022,8,4,Thursday,31,2022-31,44.88,45.42,44.56,45.05,178000,45.05,-0.005738295,45.17428571,48.6536,red
8/5/22,2022,8,5,Friday,31,2022-31,45.47,46.44,45.42,45.96,121300,45.96,0.020199775,45.38285714,48.4152,green
8/8/22,2022,8,8,Monday,32,2022-32,46.05,46.39,45.98,46.11,146000,46.11,0.003263741,45.47142857,48.1924,green
8/9/22,2022,8,9,Tuesday,32,2022-32,47.02,47.04,46.7,46.8,141500,46.8,0.014964186,45.65142857,47.9564,green
8/10/22,2022,8,10,Wednesday,32,2022-32,47.68,48.9,47.68,48.68,224200,48.68,0.040170964,45.87571429,47.7488,green
8/11/22,2022,8,11,Thursday,32,2022-32,49.8,50.47,49.65,49.86,396100,49.86,0.02423994,46.26142857,47.5956,green
8/12/22,2022,8,12,Friday,32,2022-32,50.16,50.3,49.78,50.2,114900,50.2,0.006819096,46.63214286,47.4494,green
8/15/22,2022,8,15,Monday,33,2022-33,49.56,49.84,49.34,49.68,76200,49.68,-0.010358575,46.97571429,47.2768,green
8/16/22,2022,8,16,Tuesday,33,2022-33,49.29,50.06,49.29,49.74,133600,49.74,0.001207757,47.24928571,47.1296,green
8/17/22,2022,8,17,Wednesday,33,2022-33,48.82,49.11,48.56,48.69,194700,48.69,-0.021109831,47.405,46.9528,green
8/18/22,2022,8,18,Thursday,33,2022-33,48.4,48.47,48.18,48.23,130600,48.23,-0.009447507,47.50357143,46.7586,green
8/19/22,2022,8,19,Friday,33,2022-33,47.65,47.65,46.99,47.16,127700,47.16,-0.022185356,47.59214286,46.5776,red
8/22/22,2022,8,22,Monday,34,2022-34,46.14,46.14,45.7,45.88,183700,45.88,-0.02714162,47.66785714,46.4022,red
8/23/22,2022,8,23,Tuesday,34,2022-34,46.15,46.97,46.04,46.55,296600,46.55,0.014603273,47.75642857,46.2654,red
8/24/22,2022,8,24,Wednesday,34,2022-34,45.82,46.05,45.58,45.71,243700,45.71,-0.018045116,47.80357143,46.176,red
8/25/22,2022,8,25,Thursday,34,2022-34,46.83,47.03,46.39,47.03,254100,47.03,0.028877701,47.88,46.1064,red
8/26/22,2022,8,26,Friday,34,2022-34,46.87,47.01,45.43,45.49,183900,45.49,-0.032744996,47.83571429,45.9938,red
8/29/22,2022,8,29,Monday,35,2022-35,45.06,45.62,44.93,45.43,336000,45.43,-0.001319001,47.73785714,45.8984,red
8/30/22,2022,8,30,Tuesday,35,2022-35,46.94,46.94,45.55,46.04,279200,46.04,0.013427264,47.54928571,45.8156,red
8/31/22,2022,8,31,Wednesday,35,2022-35,47.02,47.21,46.49,47.02,601700,47.02,0.021285828,47.34642857,45.7752,red
9/1/22,2022,9,1,Thursday,35,2022-35,46.44,46.54,45.62,46.13,385400,46.13,-0.018928103,47.05571429,45.7736,red
9/2/22,2022,9,2,Friday,35,2022-35,45.59,45.65,44.74,44.91,379100,44.91,-0.026447023,46.715,45.7804,red
9/6/22,2022,9,6,Tuesday,36,2022-36,45.47,45.85,45.28,45.55,234900,45.55,0.01425071,46.41571429,45.7552,red
9/7/22,2022,9,7,Wednesday,36,2022-36,44.65,45.22,44.29,45.13,238900,45.13,-0.009220597,46.16142857,45.7294,red
9/8/22,2022,9,8,Thursday,36,2022-36,43.96,43.97,43.28,43.69,283100,43.69,-0.031907875,45.83714286,45.6822,red
9/9/22,2022,9,9,Friday,36,2022-36,44.19,44.76,44.17,44.59,263500,44.59,0.020599715,45.65357143,45.6758,red
9/12/22,2022,9,12,Monday,37,2022-37,45.22,45.5,44.84,44.97,192000,44.97,0.008522114,45.58857143,45.6848,red
9/13/22,2022,9,13,Tuesday,37,2022-37,44.25,44.48,43.24,43.4,352200,43.4,-0.034912156,45.36357143,45.6568,red
9/14/22,2022,9,14,Wednesday,37,2022-37,43.05,43.05,42.03,42.4,272900,42.4,-0.023041474,45.12714286,45.624,red
9/15/22,2022,9,15,Thursday,37,2022-37,41.75,42.15,41.2,41.46,272500,41.46,-0.022169868,44.72928571,45.5714,red
9/16/22,2022,9,16,Friday,37,2022-37,41.1,41.72,40.95,41.68,399900,41.68,0.005306349,44.45714286,45.5098,red
9/19/22,2022,9,19,Monday,38,2022-38,41.32,42.37,41.19,42.28,256500,42.28,0.014395357,44.23214286,45.4666,red
9/20/22,2022,9,20,Tuesday,38,2022-38,42.87,42.99,42.34,42.82,384900,42.82,0.012772018,44.00214286,45.4538,red
9/21/22,2022,9,21,Wednesday,38,2022-38,42.74,43.6,42.37,42.37,482900,42.37,-0.010509126,43.67,45.4452,red
9/22/22,2022,9,22,Thursday,38,2022-38,42.27,42.34,41.75,42.03,472300,42.03,-0.008024549,43.37714286,45.416,red
9/23/22,2022,9,23,Friday,38,2022-38,41.33,41.38,40.21,40.61,287100,40.61,-0.033785349,43.07,45.3872,red
,,,,,,,,,,,,,0.005798612,,,